ID,date
79433535873,18.04.2025
79636310947,09.03.2025
79903316320,27.02.2025
79893718939,26.02.2025
79902794901,27.02.2025
79136494060,30.01.2025
79436656147,14.12.2024
79944016314,07.03.2025
79666964452,03.12.2024
79696014278,03.12.2024
79959228104,30.01.2025
79968577214,02.01.2025
79912184837,09.11.2024
79465606137,04.12.2024
79409756996,11.12.2024
79336952113,04.11.2024
79445781267,07.02.2025
79172908756,28.04.2025
79172599069,31.03.2025
79339785975,02.01.2025
79426509600,02.02.2025
79523557275,14.12.2024
79640027789,17.03.2025
79870814235,04.04.2025
79737813512,14.01.2025
79842341681,12.11.2024
79353981350,04.02.2025
79774627110,25.11.2024
79787983815,19.03.2025
79567905059,09.12.2024
79935676413,10.12.2024
79651747389,25.02.2025
79691446040,02.11.2024
79677379257,23.03.2025
79161720824,06.01.2025
79980561768,06.04.2025
79689249236,06.04.2025
79503660299,10.12.2024
79711800485,12.03.2025
79568304408,04.11.2024
79530050144,19.04.2025
79680730436,21.02.2025
79981585366,08.12.2024
79186116471,16.03.2025
79711630229,24.11.2024
79394097382,10.01.2025
79805789445,09.03.2025
79312969701,13.01.2025
79340568701,07.03.2025
79225602272,02.03.2025
79145223598,21.01.2025
79433716205,14.03.2025
79295002910,30.04.2025
79105485160,12.02.2025
79806538063,21.12.2024
79111371001,25.01.2025
79961450286,09.04.2025
79725203133,02.04.2025
79882963126,30.11.2024
79871050800,23.12.2024
79928944976,11.03.2025
79240123543,17.11.2024
79100987578,22.04.2025
79530483108,05.11.2024
79252851198,22.11.2024
79983511912,11.02.2025
79983012905,28.02.2025
79824661776,18.01.2025
79938092191,27.01.2025
79222148973,05.11.2024
79468600926,12.12.2024
79929490405,01.03.2025
79582678415,15.12.2024
79493554745,01.05.2025
79736251179,05.11.2024
79798096753,22.02.2025
79717556423,08.04.2025
79595183406,06.11.2024
79108075007,18.11.2024
79375542846,19.03.2025
79528309477,22.12.2024
79322421550,24.02.2025
79111028861,01.01.2025
79455194693,03.12.2024
79941067953,11.03.2025
79458835860,16.03.2025
79203321780,01.01.2025
79322512361,03.11.2024
79970975281,15.11.2024
79346183197,01.01.2025
79219063621,03.04.2025
79923074022,28.04.2025
79796929883,29.11.2024
79688508590,27.03.2025
79796507158,27.12.2024
79578135948,14.03.2025
79533034338,21.02.2025
79465771273,05.02.2025
79633737554,11.02.2025
79977569943,19.11.2024
79461163561,17.04.2025
79233500764,25.03.2025
79388601587,17.01.2025
79832471651,02.04.2025
79904791606,17.03.2025
79692643275,22.02.2025
79759396708,19.11.2024
79739120299,18.11.2024
79355209957,15.04.2025
79724626228,24.11.2024
79841914967,25.04.2025
79796121269,28.04.2025
79170507645,17.12.2024
79515467328,11.02.2025
79616615049,06.11.2024
79235030938,08.11.2024
79329456028,19.12.2024
79508334567,01.12.2024
79652475616,16.12.2024
79214494360,22.02.2025
79785478224,28.02.2025
79303610832,25.03.2025
79255867074,31.12.2024
79902596348,09.02.2025
79857138682,25.01.2025
79928372829,12.01.2025
79284923596,17.02.2025
79792918684,01.12.2024
79346401234,02.04.2025
79771745170,11.11.2024
79438466047,30.04.2025
79681457608,04.03.2025
79346180683,11.01.2025
79476485939,04.02.2025
79516957940,01.01.2025
79169245800,21.04.2025
79917862894,14.11.2024
79136367620,25.01.2025
79987482024,30.12.2024
79907557892,03.02.2025
79513336701,15.02.2025
79833647452,01.04.2025
79174747305,21.11.2024
79123904739,10.04.2025
79209980776,18.03.2025
79696302592,26.11.2024
79480393105,30.04.2025
79106323546,23.11.2024
79818000127,18.11.2024
79685575608,23.11.2024
